vehicle,world_id,start_goal_id,controller,speed,scale_factor,seed,success,failure_mode,time_to_goal,time_at_failure,distance_at_failure,remaining_distance,total_path_length,avg_roll,avg_pitch,terrain_slope,terrain_roughness,terrain_deformability,terrain_bucket,sim_time,distance_traveled,fraction_completed,est_time_remaining
hmmwv,1,0,pid,4.0,1.0,0,0,stuck,,6.245000000000889,19.455576190842603,104.88917975178174,127.9537015086913,6.338668199548753,2.823500639923795,0.480462588847454,0.24495812777954415,0.0,,16.245000000001053,19.455576190842603,0.15205168714498718,33.66813303932282
hmmwv,1,0,pid,6.0,1.0,0,0,stuck,,6.160000000000906,21.844112567341895,104.7131149600794,127.9537015086913,3.990122488069594,4.676592034119264,0.480462588847454,0.24495812777954415,0.0,,16.16000000000107,21.844112567341895,0.17071887963989948,29.528907899812882
hmmwv,1,0,pid,8.0,1.0,0,0,stuck,,6.160000000000906,21.844112567341895,104.7131149600794,127.9537015086913,3.990122488069594,4.676592034119264,0.480462588847454,0.24495812777954415,0.0,,16.16000000000107,21.844112567341895,0.17071887963989948,29.528907899812882
hmmwv,1,0,pid,10.0,1.0,0,0,stuck,,3.9200000000006128,14.563694165960268,108.59340293830402,127.9537015086913,8.572227430668962,2.8648652209427077,0.480462588847454,0.24495812777954415,0.0,,13.920000000000776,14.563694165960268,0.11382003016904535,29.229269350710123
hmmwv,1,0,pid,12.0,1.0,0,0,stuck,,3.9200000000006128,14.563694165960268,108.59340293830402,127.9537015086913,8.572227430668962,2.8648652209427077,0.480462588847454,0.24495812777954415,0.0,,13.920000000000776,14.563694165960268,0.11382003016904535,29.229269350710123
hmmwv,1,1,pid,4.0,1.0,0,0,stuck,,22.429999999997975,63.93093365624439,61.851497104544954,132.10237857210421,6.63964302742473,7.451319500285599,0.41386234672040245,0.21531960490168298,0.0,,32.42999999999814,63.93093365624439,0.48394990572671304,21.700435152636192
hmmwv,1,1,pid,6.0,1.0,0,1,reached,28.62999999999859,,,7.975652085234695,132.10237857210421,8.007513578893482,6.983178147144487,0.41386234672040245,0.21531960490168298,0.0,,28.62999999999859,129.23515624802272,0.9782954527005999,0.0
hmmwv,1,1,pid,8.0,1.0,0,1,reached,30.849999999998147,,,7.972810020639242,132.10237857210421,7.849075190354127,6.552180878934349,0.41386234672040245,0.21531960490168298,0.0,,30.849999999998147,131.85649024836815,0.9981386533202969,0.0
hmmwv,1,1,pid,10.0,1.0,0,0,stuck,,6.085000000000921,12.30783550171975,111.04216698304411,132.10237857210421,2.302217768890924,2.158976996244465,0.41386234672040245,0.21531960490168298,0.0,,16.085000000001084,12.30783550171975,0.09316891667474313,54.89930264322371
hmmwv,1,1,pid,12.0,1.0,0,0,stuck,,13.789999999999388,68.05699423779883,60.544244628294514,132.10237857210421,14.537641747400517,4.838555005646829,0.41386234672040245,0.21531960490168298,0.0,,23.78999999999955,68.05699423779883,0.5151837156410618,12.267734459545649
hmmwv,1,2,pid,4.0,1.0,0,0,stuck,,0.4400000000000688,3.8625128981147445,119.59626169458596,124.01957461608315,20.95229064648176,5.796944804787867,0.38903611984763703,0.1903366418369536,0.0,,10.440000000000232,3.8625128981147445,0.031144381119445032,13.623865222899454
hmmwv,1,2,pid,6.0,1.0,0,0,stuck,,0.42000000000006565,3.263172808994006,119.56059252432554,124.01957461608315,21.793011860862006,6.023333653049354,0.38903611984763703,0.1903366418369536,0.0,,10.420000000000229,3.263172808994006,0.026311756181195852,15.388534962604494
hmmwv,1,2,pid,8.0,1.0,0,0,stuck,,0.42000000000006565,3.263172808994006,119.56059252432554,124.01957461608315,21.793011860862006,6.023333653049354,0.38903611984763703,0.1903366418369536,0.0,,10.420000000000229,3.263172808994006,0.026311756181195852,15.388534962604494
hmmwv,1,2,pid,10.0,1.0,0,0,stuck,,0.42000000000006565,3.263172808994006,119.56059252432554,124.01957461608315,21.793011860862006,6.023333653049354,0.38903611984763703,0.1903366418369536,0.0,,10.420000000000229,3.263172808994006,0.026311756181195852,15.388534962604494
hmmwv,1,2,pid,12.0,1.0,0,0,stuck,,0.4400000000000688,3.8625128981147445,119.59626169458596,124.01957461608315,20.95229064648176,5.796944804787867,0.38903611984763703,0.1903366418369536,0.0,,10.440000000000232,3.8625128981147445,0.031144381119445032,13.623865222899454
hmmwv,3,0,pid,4.0,1.0,0,1,reached,29.454999999998424,,,7.986949517236247,120.34703394551364,8.986649085134236,3.971933874802989,0.2811167187970613,0.15389516390187435,0.0,,29.454999999998424,114.08739178255438,0.9479867350466379,0.0
hmmwv,3,0,pid,6.0,1.0,0,1,reached,20.13500000000028,,,7.985513941094225,120.34703394551364,10.002885077133705,3.859162359839444,0.2811167187970613,0.15389516390187435,0.0,,20.13500000000028,114.83160872503382,0.9541706593036858,0.0
hmmwv,3,0,pid,8.0,1.0,0,1,reached,15.28500000000099,,,7.9639492150390225,120.34703394551364,9.07277522386124,3.682316094566791,0.2811167187970613,0.15389516390187435,0.0,,15.28500000000099,113.50466844800484,0.9431447101504251,0.0
hmmwv,3,0,pid,10.0,1.0,0,1,reached,12.7950000000006,,,7.984118377997441,120.34703394551364,9.512636155438871,4.697713062064785,0.2811167187970613,0.15389516390187435,0.0,,12.7950000000006,113.59121240794177,0.9438638301577874,0.0
hmmwv,3,0,pid,12.0,1.0,0,1,reached,11.555000000000407,,,7.972330122510277,120.34703394551364,8.399153236676764,5.4224442055733775,0.2811167187970613,0.15389516390187435,0.0,,11.555000000000407,114.64254449922184,0.9525996673181454,0.0
hmmwv,3,1,pid,4.0,1.0,0,1,reached,30.78999999999816,,,7.9985679741448275,128.85266691516125,4.767997138941629,3.3462375063952727,0.23757563337427,0.11642745766080564,0.0,,30.78999999999816,119.33869434385356,0.9261639452323338,0.0
hmmwv,3,1,pid,6.0,1.0,0,1,reached,21.210000000000065,,,7.991124350925395,128.85266691516125,4.204024659416428,3.534709361769284,0.23757563337427,0.11642745766080564,0.0,,21.210000000000065,119.83548682547065,0.9300194531819225,0.0
hmmwv,3,1,pid,8.0,1.0,0,1,reached,18.16000000000067,,,7.98953745621155,128.85266691516125,5.895594128981868,4.320870104013217,0.23757563337427,0.11642745766080564,0.0,,18.16000000000067,129.66480487801627,1.0063028417051683,0.0
hmmwv,3,1,pid,10.0,1.0,0,1,reached,14.190000000000818,,,7.9556848505222755,128.85266691516125,7.860708596910165,4.060683712471282,0.23757563337427,0.11642745766080564,0.0,,14.190000000000818,121.00707763309916,0.9391119371457964,0.0
hmmwv,3,1,pid,12.0,1.0,0,1,reached,13.355000000000688,,,7.973991427359955,128.85266691516125,5.532813688301507,3.9043099364184624,0.23757563337427,0.11642745766080564,0.0,,13.355000000000688,129.46886343437546,1.0047821790108538,0.0
hmmwv,3,2,pid,4.0,1.0,0,1,reached,31.49499999999802,,,7.9920646791033,129.09646951514273,6.247980574096654,3.7331219007669554,0.24877126196033172,0.12672218480593944,0.0,,31.49499999999802,122.17630619997907,0.9463954100282197,0.0
hmmwv,3,2,pid,6.0,1.0,0,1,reached,21.370000000000033,,,7.997534155757751,129.09646951514273,5.675500703479285,3.6541323287183953,0.24877126196033172,0.12672218480593944,0.0,,21.370000000000033,121.99170881058426,0.9449654918430972,0.0
hmmwv,3,2,pid,8.0,1.0,0,1,reached,16.66000000000097,,,7.985832264905073,129.09646951514273,8.005408122114897,3.604925918476736,0.24877126196033172,0.12672218480593944,0.0,,16.66000000000097,121.52085342848677,0.9413181776766765,0.0
hmmwv,3,2,pid,10.0,1.0,0,0,rollover,,15.025000000000949,63.25932381515909,61.69924820258588,129.09646951514273,10.93897072954475,12.612289342396098,0.24877126196033172,0.12672218480593944,0.0,,15.025000000000949,63.25932381515909,0.49001590866695943,14.654459585319863
hmmwv,3,2,pid,12.0,1.0,0,1,reached,12.930000000000621,,,7.981362595810834,129.09646951514273,8.166949208265116,7.183703396772861,0.24877126196033172,0.12672218480593944,0.0,,12.930000000000621,122.86317545452955,0.9517159990197717,0.0
hmmwv,5,0,pid,4.0,1.0,0,1,reached,29.114999999998492,,,7.998902863420277,122.07337566314929,3.4697076813688543,2.1471094154872583,0.15818550730483816,0.08253495886647522,0.0,,29.114999999998492,114.17897194425217,0.9353306675103257,0.0
hmmwv,5,0,pid,6.0,1.0,0,1,reached,19.850000000000335,,,7.989251498686892,122.07337566314929,3.4819111568472643,2.0727082638730945,0.15818550730483816,0.08253495886647522,0.0,,19.850000000000335,114.23620042213277,0.9357994714372239,0.0
hmmwv,5,0,pid,8.0,1.0,0,1,reached,15.495000000001022,,,7.995651800682182,122.07337566314929,4.07698670346385,2.2532469847794374,0.15818550730483816,0.08253495886647522,0.0,,15.495000000001022,114.42772102745485,0.9373683688670005,0.0
hmmwv,5,0,pid,10.0,1.0,0,1,reached,12.86000000000061,,,7.965057937101653,122.07337566314929,3.372728764328544,2.2575542169366627,0.15818550730483816,0.08253495886647522,0.0,,12.86000000000061,114.72084277282957,0.9397695619509336,0.0
hmmwv,5,0,pid,12.0,1.0,0,1,reached,11.355000000000375,,,7.957515656153696,122.07337566314929,3.215024222172483,2.585461218431933,0.15818550730483816,0.08253495886647522,0.0,,11.355000000000375,115.73039439551081,0.9480396013202635,0.0
hmmwv,5,1,pid,4.0,1.0,0,1,reached,30.664999999998184,,,7.984261177936521,128.48463800781593,2.5606092884532274,2.4279794450306307,0.10916751639603745,0.0546445053839681,0.0,,30.664999999998184,120.82240863532763,0.9403646265320669,0.0
hmmwv,5,1,pid,6.0,1.0,0,1,reached,20.805000000000145,,,7.988620170229262,128.48463800781593,2.666375312961246,2.5885247947481855,0.10916751639603745,0.0546445053839681,0.0,,20.805000000000145,120.9245029110059,0.9411592295076542,0.0
hmmwv,5,1,pid,8.0,1.0,0,1,reached,16.170000000001068,,,7.96618393778506,128.48463800781593,2.962569791316222,2.9740774115470994,0.10916751639603745,0.0546445053839681,0.0,,16.170000000001068,121.47888332481142,0.9454739897965208,0.0
hmmwv,5,1,pid,10.0,1.0,0,0,stuck,,6.24000000000089,48.14750000182658,77.58875549764011,128.48463800781593,3.657245334170477,2.6595013371094605,0.10916751639603745,0.0546445053839681,0.0,,16.240000000001054,48.14750000182658,0.3747335148260891,10.055638076472837
hmmwv,5,1,pid,12.0,1.0,0,0,rollover,,32.14499999999799,139.6285621534689,54.47944030333184,128.48463800781593,7.013900038726377,6.568845157407147,0.10916751639603745,0.0546445053839681,0.0,,32.14499999999799,139.6285621534689,1.0867335139705578,12.542144540782877
hmmwv,5,2,pid,4.0,1.0,0,1,reached,31.02999999999811,,,7.993477146289933,128.72806570335806,2.374018559603622,2.3038424103805677,0.11448444098784662,0.058756256759140174,0.0,,31.02999999999811,122.31555466353403,0.9501856024575008,0.0
hmmwv,5,2,pid,6.0,1.0,0,1,reached,21.09000000000009,,,7.998999492119482,128.72806570335806,2.4510101470333976,2.350113315894899,0.11448444098784662,0.058756256759140174,0.0,,21.09000000000009,122.56819192601111,0.9521481679718407,0.0
hmmwv,5,2,pid,8.0,1.0,0,1,reached,16.30500000000104,,,7.991365043859459,128.72806570335806,2.5072137197357574,2.386485216335839,0.11448444098784662,0.058756256759140174,0.0,,16.30500000000104,122.761263124464,0.9536480056132902,0.0
hmmwv,5,2,pid,10.0,1.0,0,1,reached,13.55500000000072,,,7.973160507933491,128.72806570335806,2.3631007161515174,2.4070417194696576,0.11448444098784662,0.058756256759140174,0.0,,13.55500000000072,123.91786018992312,0.9626328144748201,0.0
hmmwv,5,2,pid,12.0,1.0,0,1,reached,12.22000000000051,,,7.999975393954404,128.72806570335806,3.2917636586876187,2.976782185582212,0.11448444098784662,0.058756256759140174,0.0,,12.22000000000051,128.44662248239058,0.997813660762867,0.0
hmmwv,61,0,pid,4.0,1.0,0,0,rollover,,1.3399999999999934,2.6774168916671206,119.17608891498722,123.31742441105,16.586255368687496,32.995587058555806,0.7091932395943854,0.36251401274493855,1.0,,1.3399999999999934,2.6774168916671206,0.021711586213012148,59.64553358989447
hmmwv,61,0,pid,6.0,1.0,0,0,rollover,,1.3399999999999934,2.6774168916671206,119.17608891498722,123.31742441105,16.586255368687496,32.995587058555806,0.7091932395943854,0.36251401274493855,1.0,,1.3399999999999934,2.6774168916671206,0.021711586213012148,59.64553358989447
hmmwv,61,0,pid,8.0,1.0,0,0,rollover,,1.3399999999999934,2.6774168916671206,119.17608891498722,123.31742441105,16.586255368687496,32.995587058555806,0.7091932395943854,0.36251401274493855,1.0,,1.3399999999999934,2.6774168916671206,0.021711586213012148,59.64553358989447
hmmwv,61,0,pid,10.0,1.0,0,0,rollover,,1.3399999999999934,2.6774168916671206,119.17608891498722,123.31742441105,16.586255368687496,32.995587058555806,0.7091932395943854,0.36251401274493855,1.0,,1.3399999999999934,2.6774168916671206,0.021711586213012148,59.64553358989447
hmmwv,61,0,pid,12.0,1.0,0,0,rollover,,1.3399999999999934,2.6774168916671206,119.17608891498722,123.31742441105,16.586255368687496,32.995587058555806,0.7091932395943854,0.36251401274493855,1.0,,1.3399999999999934,2.6774168916671206,0.021711586213012148,59.64553358989447
hmmwv,61,1,pid,4.0,1.0,0,0,rollover,,35.49999999999971,109.6021963624163,18.365565075803,126.76258940661117,10.707699307787172,5.956639954751822,0.4803646672299955,0.24603284239694276,1.0,,35.49999999999971,109.6021963624163,0.8646257296847244,5.948581158311267
hmmwv,61,1,pid,6.0,1.0,0,0,rollover,,31.869999999997944,114.58526656331404,16.176506781647035,126.76258940661117,9.540254900976315,8.016775889049294,0.4803646672299955,0.24603284239694276,1.0,,31.869999999997944,114.58526656331404,0.9039359885254755,4.499228274223139
hmmwv,61,1,pid,8.0,1.0,0,0,stuck,,12.314999999999682,54.96909321272189,70.57479452285148,126.76258940661117,6.086897970322621,7.265030816474114,0.4803646672299955,0.24603284239694276,1.0,,22.314999999999845,54.96909321272189,0.4336381377978938,15.811223066487566
hmmwv,61,1,pid,10.0,1.0,0,0,stuck,,22.824999999998177,98.48117818197106,39.1809003864703,126.76258940661117,12.665577939413625,12.27854731133808,0.4803646672299955,0.24603284239694276,1.0,,32.82499999999834,98.48117818197106,0.7768946551421178,9.08096417844068
hmmwv,61,1,pid,12.0,1.0,0,0,stuck,,23.569999999998558,101.79021050784267,39.03247235730396,126.76258940661117,9.058240162104239,12.651184457422124,0.4803646672299955,0.24603284239694276,1.0,,33.56999999999872,101.79021050784267,0.8029988262651718,9.038151791529252
hmmwv,61,2,pid,4.0,1.0,0,0,timeout,,40.00000000000201,122.18380117605554,12.720053900735511,128.72806570335806,7.627564483844844,7.530699279028018,0.3785578137392549,0.18439348564986457,1.0,,40.00000000000201,122.18380117605554,0.9491621000319918,4.164235775381626
hmmwv,61,2,pid,6.0,1.0,0,1,reached,35.42499999999967,,,7.99288811455193,128.72806570335806,9.256849243380605,7.96495642023412,0.3785578137392549,0.18439348564986457,1.0,,35.42499999999967,131.86745018345522,1.024387723554641,0.0
hmmwv,61,2,pid,8.0,1.0,0,1,reached,25.224999999999266,,,7.9905709321889935,128.72806570335806,9.06247981715008,6.109772601100125,0.3785578137392549,0.18439348564986457,1.0,,25.224999999999266,121.56045695522745,0.9443197665639776,0.0
hmmwv,61,2,pid,10.0,1.0,0,1,reached,27.039999999998905,,,7.997493657654378,128.72806570335806,9.02847953370568,6.180193922098283,0.3785578137392549,0.18439348564986457,1.0,,27.039999999998905,120.45525328253854,0.9357341977010402,0.0
hmmwv,61,2,pid,12.0,1.0,0,1,reached,27.039999999998905,,,7.997493657654378,128.72806570335806,9.02847953370568,6.180193922098283,0.3785578137392549,0.18439348564986457,1.0,,27.039999999998905,120.45525328253854,0.9357341977010402,0.0
hmmwv,62,0,pid,4.0,1.0,0,0,stuck,,10.220000000000098,39.020942958676756,85.93930873759133,125.07899204676276,3.1656070694191807,2.7247164436458946,0.3235439842465896,0.1731073931990138,1.0,,20.22000000000026,39.020942958676756,0.3119703982271312,22.508419036113832
hmmwv,62,0,pid,6.0,1.0,0,0,stuck,,7.60000000000062,41.968394075564554,83.64102143324504,125.07899204676276,5.57854559055642,15.761784185848448,0.3235439842465896,0.1731073931990138,1.0,,17.600000000000783,41.968394075564554,0.33553511576007905,15.146440003117112
hmmwv,62,0,pid,8.0,1.0,0,0,stuck,,7.115000000000716,40.77595594207458,85.937256186463,125.07899204676276,4.11927036842542,2.6826127575811283,0.3235439842465896,0.1731073931990138,1.0,,17.11500000000088,40.77595594207458,0.3260016352452684,14.995199098099599
hmmwv,62,0,pid,10.0,1.0,0,0,stuck,,6.355000000000867,39.19863478906982,85.944486061198,125.07899204676276,4.8380111736582885,3.0961629183103003,0.3235439842465896,0.1731073931990138,1.0,,16.35500000000103,39.19863478906982,0.3133910351181499,13.933577326302302
hmmwv,62,0,pid,12.0,1.0,0,0,stuck,,6.355000000000867,39.3745934215396,85.94664413814334,125.07899204676276,4.714277918833195,3.0946003771196393,0.3235439842465896,0.1731073931990138,1.0,,16.35500000000103,39.3745934215396,0.3147978151824152,13.871658753412943
hmmwv,62,1,pid,4.0,1.0,0,1,reached,30.82999999999815,,,7.990612609830969,123.15498472240444,4.5987424265782,4.98205606383453,0.22852323019692367,0.1131911140559893,1.0,,30.82999999999815,116.6933841146326,0.9475327724465517,0.0
hmmwv,62,1,pid,6.0,1.0,0,1,reached,21.54,,,7.988551537798129,123.15498472240444,4.378038579059856,4.608143091815527,0.22852323019692367,0.1131911140559893,1.0,,21.54,118.45380942391957,0.9618271618555961,0.0
hmmwv,62,1,pid,8.0,1.0,0,1,reached,16.750000000000952,,,7.991167844369602,123.15498472240444,4.853988657011174,5.246406671518453,0.22852323019692367,0.1131911140559893,1.0,,16.750000000000952,116.69772326082641,0.9475680056626785,0.0
hmmwv,62,1,pid,10.0,1.0,0,1,reached,14.575000000000879,,,7.970161726989235,123.15498472240444,6.299495695785345,6.701954474691877,0.22852323019692367,0.1131911140559893,1.0,,14.575000000000879,115.21483212027802,0.9355271520675854,0.0
hmmwv,62,1,pid,12.0,1.0,0,1,reached,15.710000000001056,,,7.9620072306648995,123.15498472240444,5.941243175409103,6.501748974712254,0.22852323019692367,0.1131911140559893,1.0,,15.710000000001056,126.67264155341373,1.028562845742202,0.0
hmmwv,62,2,pid,4.0,1.0,0,1,reached,32.53499999999819,,,7.991993420178089,129.13439452452468,5.0310813204038345,4.467428034639531,0.19869657034450758,0.0996360812801705,1.0,,32.53499999999819,123.40544050933163,0.9556357232611252,0.0
hmmwv,62,2,pid,6.0,1.0,0,1,reached,22.254999999999857,,,7.996380001962956,129.13439452452468,5.244511110764524,4.68240602116839,0.19869657034450758,0.0996360812801705,1.0,,22.254999999999857,123.40007450446136,0.9555941696154832,0.0
hmmwv,62,2,pid,8.0,1.0,0,1,reached,17.690000000000765,,,7.97175924964609,129.13439452452468,4.1179349827940195,4.609080970443929,0.19869657034450758,0.0996360812801705,1.0,,17.690000000000765,125.36831494349534,0.9708359682569766,0.0
hmmwv,62,2,pid,10.0,1.0,0,0,stuck,,7.285000000000682,53.67217679176288,75.7643576354968,129.13439452452468,4.404099724210266,13.149559892150524,0.19869657034450758,0.0996360812801705,1.0,,17.285000000000846,53.67217679176288,0.4156303747687428,10.283602759695654
hmmwv,62,2,pid,12.0,1.0,0,1,reached,15.660000000001048,,,7.98291625536531,129.13439452452468,5.99781583868207,4.720498050283351,0.19869657034450758,0.0996360812801705,1.0,,15.660000000001048,132.69571479091886,1.0275784021716834,0.0
hmmwv,74,0,pid,4.0,1.0,0,1,reached,33.47499999999867,,,7.993428031813066,132.9422083456846,2.208992539837456,1.6265199387615499,0.11853652700731834,0.06202966172614443,1.0,,33.47499999999867,127.99267683887331,0.9627692997701587,0.0
hmmwv,74,0,pid,6.0,1.0,0,1,reached,23.279999999999653,,,7.978373831473745,132.9422083456846,2.188409431497226,1.655362437688461,0.11853652700731834,0.06202966172614443,1.0,,23.279999999999653,129.23575863431756,0.9721198424677188,0.0
hmmwv,74,0,pid,8.0,1.0,0,1,reached,18.885000000000527,,,7.979299865440772,132.9422083456846,2.9296644480900667,1.835891901055994,0.11853652700731834,0.06202966172614443,1.0,,18.885000000000527,134.14176978114483,1.0090231796988136,0.0
hmmwv,74,0,pid,10.0,1.0,0,0,rollover,,16.745000000000953,144.34359383570998,17.901728495509204,132.9422083456846,3.2674309776997945,4.254667373871818,0.11853652700731834,0.06202966172614443,1.0,,16.745000000000953,144.34359383570998,1.0857619685418403,2.076742276477519
hmmwv,74,0,pid,12.0,1.0,0,0,stuck,,14.829999999999181,127.17939940258447,28.657094561710768,132.9422083456846,3.801541874938721,6.71687632414802,0.11853652700731834,0.06202966172614443,1.0,,24.829999999999345,127.17939940258447,0.9566517736179369,3.3416159719772267
hmmwv,74,1,pid,4.0,1.0,0,1,reached,29.72499999999837,,,7.98428988736649,124.98368155164083,1.7537669537050582,1.9217349555938774,0.09340080786104578,0.04325593475267091,1.0,,29.72499999999837,114.00347980936463,0.9121469170538125,0.0
hmmwv,74,1,pid,6.0,1.0,0,1,reached,20.32500000000024,,,7.9924567649915375,124.98368155164083,1.7542957567144732,1.9726342149624492,0.09340080786104578,0.04325593475267091,1.0,,20.32500000000024,114.19700835309051,0.9136953475474838,0.0
hmmwv,74,1,pid,8.0,1.0,0,1,reached,15.86500000000108,,,7.981513927864641,124.98368155164083,1.9493394357530143,2.027896180497528,0.09340080786104578,0.04325593475267091,1.0,,15.86500000000108,114.24354925494585,0.9140677233750922,0.0
hmmwv,74,1,pid,10.0,1.0,0,1,reached,13.330000000000684,,,7.969137253610727,124.98368155164083,2.182007235417635,2.03693082000504,0.09340080786104578,0.04325593475267091,1.0,,13.330000000000684,114.48391111838757,0.9159908693446915,0.0
hmmwv,74,1,pid,12.0,1.0,0,1,reached,11.780000000000442,,,7.985041430090262,124.98368155164083,2.33763723765141,2.1360880406504563,0.09340080786104578,0.04325593475267091,1.0,,11.780000000000442,114.33701041304755,0.9148155102616794,0.0
hmmwv,74,2,pid,4.0,1.0,0,1,reached,32.384999999998115,,,7.985846798917833,129.0333937681478,1.884745771854022,1.805689507413681,0.1010727018073698,0.050717989492098305,1.0,,32.384999999998115,123.7144041507478,0.9587781932872559,0.0
hmmwv,74,2,pid,6.0,1.0,0,1,reached,21.88499999999993,,,7.981772176617596,129.0333937681478,1.8891079651068896,1.7811146067809798,0.1010727018073698,0.050717989492098305,1.0,,21.88499999999993,123.61907360094455,0.9580393880290252,0.0
hmmwv,74,2,pid,8.0,1.0,0,1,reached,16.875000000000927,,,7.984897719347259,129.0333937681478,1.6727158742466608,1.7586703095948626,0.1010727018073698,0.050717989492098305,1.0,,16.875000000000927,123.53706873782319,0.9574038559335996,0.0
hmmwv,74,2,pid,10.0,1.0,0,1,reached,14.220000000000823,,,7.967273437247362,129.0333937681478,2.074924663285201,1.9606199432830664,0.1010727018073698,0.050717989492098305,1.0,,14.220000000000823,124.75208715992362,0.9668201658253135,0.0
hmmwv,74,2,pid,12.0,1.0,0,1,reached,12.770000000000596,,,7.9724735274022285,129.0333937681478,2.191236960199057,2.313174491558869,0.1010727018073698,0.050717989492098305,1.0,,12.770000000000596,127.98833228299283,0.991900844776409,0.0
hmmwv,91,0,pid,4.0,1.0,0,0,stuck,,16.619999999998825,66.27166637467312,58.16400372565963,121.84059242913007,6.655066286246662,4.121477756510205,0.35836094060401075,0.18253014026459458,0.234375,,26.61999999999899,66.27166637467312,0.5439210779709625,14.58671246404377
hmmwv,91,0,pid,6.0,1.0,0,1,reached,22.574999999999793,,,7.980800863755334,121.84059242913007,6.0644771079561455,5.511653336353775,0.35836094060401075,0.18253014026459458,0.234375,,22.574999999999793,120.35127819656147,0.9877765348733438,0.0
hmmwv,91,0,pid,8.0,1.0,0,1,reached,28.46499999999862,,,7.983964858423153,121.84059242913007,9.052817793576123,3.985089084377437,0.35836094060401075,0.18253014026459458,0.234375,,28.46499999999862,122.954670180078,1.0091437322220502,0.0
hmmwv,91,0,pid,10.0,1.0,0,0,rollover,,23.219999999999665,105.5811817491298,23.777495438035924,121.84059242913007,13.049672973541034,3.4386259571978557,0.35836094060401075,0.18253014026459458,0.234375,,23.219999999999665,105.5811817491298,0.8665517759242861,5.229278882131253
hmmwv,91,0,pid,12.0,1.0,0,0,stuck,,19.679999999998216,83.67670081195023,43.74092591471783,121.84059242913007,9.289984764473818,4.953761319065134,0.35836094060401075,0.18253014026459458,0.234375,,29.67999999999838,83.67670081195023,0.6867719463907048,10.28746847866439
hmmwv,91,1,pid,4.0,1.0,0,1,reached,29.639999999998388,,,7.985939875386202,122.28251242004478,5.80763795952742,4.663289429943989,0.2428675384825032,0.12101897970177874,0.0,,29.639999999998388,114.6806305917464,0.9378334507702487,0.0
hmmwv,91,1,pid,6.0,1.0,0,1,reached,20.570000000000192,,,7.997329096237537,122.28251242004478,6.52676751002819,4.480196719231867,0.2428675384825032,0.12101897970177874,0.0,,20.570000000000192,114.99754182446824,0.9404250824471744,0.0
hmmwv,91,1,pid,8.0,1.0,0,1,reached,16.380000000001026,,,7.98312224560409,122.28251242004478,7.092812629488923,4.676022504181459,0.2428675384825032,0.12101897970177874,0.0,,16.380000000001026,115.24164404805609,0.9424212977583986,0.0
hmmwv,91,1,pid,10.0,1.0,0,1,reached,14.500000000000867,,,7.972188808155905,122.28251242004478,5.810542818653418,6.038477703234729,0.2428675384825032,0.12101897970177874,0.0,,14.500000000000867,117.31779614478742,0.9593996216057176,0.0
hmmwv,91,1,pid,12.0,1.0,0,0,stuck,,10.625000000000018,69.27922938939473,66.0216881741483,122.28251242004478,3.7333367030729177,3.590534854123696,0.2428675384825032,0.12101897970177874,0.0,,20.62500000000018,69.27922938939473,0.5665505886190669,10.12540761542751
hmmwv,91,2,pid,4.0,1.0,0,1,reached,31.53499999999801,,,7.987810409288764,130.89589722479073,6.1194008646248585,5.247795598200433,0.2616656268615247,0.13456823747045127,0.140625,,31.53499999999801,120.36817644669041,0.9195718047600774,0.0
hmmwv,91,2,pid,6.0,1.0,0,1,reached,22.63499999999978,,,7.975258031501468,130.89589722479073,5.6926240022477135,3.8919680653213455,0.2616656268615247,0.13456823747045127,0.140625,,22.63499999999978,125.73124883501573,0.9605438482085835,0.0
hmmwv,91,2,pid,8.0,1.0,0,1,reached,18.67500000000057,,,7.984300514029116,130.89589722479073,6.060413454882851,4.704334793821991,0.2616656268615247,0.13456823747045127,0.140625,,18.67500000000057,128.0479959459159,0.9782430057835649,0.0
hmmwv,91,2,pid,10.0,1.0,0,0,stuck,,24.849999999999213,105.68394656315606,36.22913372890242,130.89589722479073,4.95691868148767,7.131628630694477,0.2616656268615247,0.13456823747045127,0.140625,,34.849999999999376,105.68394656315606,0.807389297936989,8.518739150464887
hmmwv,91,2,pid,12.0,1.0,0,1,reached,16.46500000000101,,,7.99569883424394,130.89589722479073,5.6517661365861045,5.032956403527125,0.2616656268615247,0.13456823747045127,0.140625,,16.46500000000101,126.51238123337215,0.9665114332507255,0.0
hmmwv,92,0,pid,4.0,1.0,0,0,rollover,,1.4199999999999917,4.384243582855484,116.44833891432947,120.00000000000001,32.98658400283161,2.6815662616544516,0.6145544353562264,0.33278732875330763,0.15625,,1.4199999999999917,4.384243582855484,0.03653536319046237,37.716116391199485
hmmwv,92,0,pid,6.0,1.0,0,0,rollover,,6.5549999999998825,26.41358583962518,96.01378135037913,120.00000000000001,22.560380950580623,9.256021042767753,0.6145544353562264,0.33278732875330763,0.15625,,6.5549999999998825,26.41358583962518,0.2201132153302098,23.827523478752894
hmmwv,92,0,pid,8.0,1.0,0,0,rollover,,6.634999999999881,26.265150985603498,96.094729878328,120.00000000000001,20.95825364499704,10.106127297152005,0.6145544353562264,0.33278732875330763,0.15625,,6.634999999999881,26.265150985603498,0.21887625821336246,24.275075863533814
hmmwv,92,0,pid,10.0,1.0,0,0,rollover,,6.634999999999881,26.265150985603498,96.094729878328,120.00000000000001,20.95825364499704,10.106127297152005,0.6145544353562264,0.33278732875330763,0.15625,,6.634999999999881,26.265150985603498,0.21887625821336246,24.275075863533814
hmmwv,92,0,pid,12.0,1.0,0,0,rollover,,6.634999999999881,26.265150985603498,96.094729878328,120.00000000000001,20.95825364499704,10.106127297152005,0.6145544353562264,0.33278732875330763,0.15625,,6.634999999999881,26.265150985603498,0.21887625821336246,24.275075863533814
hmmwv,92,1,pid,4.0,1.0,0,0,rollover,,23.914999999999527,73.15051343736549,57.11899500576123,126.47616995681503,12.069479597883237,8.807462946288432,0.5398867505927054,0.2687935807610832,0.078125,,23.914999999999527,73.15051343736549,0.5783738823079679,18.673837015954497
hmmwv,92,1,pid,6.0,1.0,0,1,reached,26.574999999998997,,,7.99864776250633,126.47616995681503,12.271135461243047,9.971703167788224,0.5398867505927054,0.2687935807610832,0.078125,,26.574999999998997,128.2604242213299,1.0141074343500764,0.0
hmmwv,92,1,pid,8.0,1.0,0,0,stuck,,21.92999999999777,92.08797593817835,55.72125969840932,126.47616995681503,13.5321245238564,14.286140022793099,0.5398867505927054,0.2687935807610832,0.078125,,31.929999999997932,92.08797593817835,0.7281053495660215,13.269563292457839
hmmwv,92,1,pid,10.0,1.0,0,0,rollover,,24.984999999999314,118.66450239100466,15.274191977009279,126.47616995681503,17.418056266475872,11.720789675574881,0.5398867505927054,0.2687935807610832,0.078125,,24.984999999999314,118.66450239100466,0.9382360521473916,3.2160054511339307
hmmwv,92,1,pid,12.0,1.0,0,0,rollover,,16.35000000000103,77.51890301701644,53.83143645768157,126.47616995681503,19.625380343073378,10.764132280585242,0.5398867505927054,0.2687935807610832,0.078125,,16.35000000000103,77.51890301701644,0.6129131127506872,11.353927259393052
hmmwv,92,2,pid,4.0,1.0,0,0,stuck,,7.685000000000603,34.72222816796197,95.48777881871568,130.12097666245694,6.7973946541318195,22.73731120219753,0.46822516358458804,0.23684465595444998,0.0,,17.685000000000766,34.72222816796197,0.2668457389313477,21.134115491441385
hmmwv,92,2,pid,6.0,1.0,0,0,stuck,,7.1950000000007,32.30308825238055,94.8184098782608,130.12097666245694,38.99969854296944,26.07166674496447,0.46822516358458804,0.23684465595444998,0.0,,17.195000000000864,32.30308825238055,0.24825427137837316,21.119295274311035
hmmwv,92,2,pid,8.0,1.0,0,0,rollover,,5.24499999999991,31.02536900143467,94.2323677662166,130.12097666245694,13.12356212551839,7.371236631451116,0.46822516358458804,0.23684465595444998,0.0,,5.24499999999991,31.02536900143467,0.23843479965506775,15.93047189578769
hmmwv,92,2,pid,10.0,1.0,0,0,rollover,,5.124999999999913,31.277817336234936,94.8259012794991,130.12097666245694,12.416904486102275,10.10697220805678,0.46822516358458804,0.23684465595444998,0.0,,5.124999999999913,31.277817336234936,0.2403749044811723,15.537616926179185
hmmwv,92,2,pid,12.0,1.0,0,0,rollover,,5.219999999999911,31.243425886664262,94.50528136968106,130.12097666245694,12.484457324934388,10.251808559759041,0.46822516358458804,0.23684465595444998,0.0,,5.219999999999911,31.243425886664262,0.24011060082735106,15.7894838593962
hmmwv,93,0,pid,4.0,1.0,0,1,reached,30.309999999998254,,,7.995647502405132,124.5736276564436,2.4818871424413964,2.4780974516508847,0.14189392140903706,0.07290582487767261,0.4375,,30.309999999998254,115.5267312744136,0.9273771138223569,0.0
hmmwv,93,0,pid,6.0,1.0,0,1,reached,20.63000000000018,,,7.975324895580949,124.5736276564436,2.287796725413635,2.5062876675966304,0.14189392140903706,0.07290582487767261,0.4375,,20.63000000000018,115.6953647177125,0.9287307987593,0.0
hmmwv,93,0,pid,8.0,1.0,0,1,reached,16.05000000000109,,,7.969970779577867,124.5736276564436,2.2823858683914784,2.5141600638468136,0.14189392140903706,0.07290582487767261,0.4375,,16.05000000000109,115.72815782896923,0.9289940415649697,0.0
hmmwv,93,0,pid,10.0,1.0,0,1,reached,13.535000000000716,,,7.985274948825722,124.5736276564436,2.4687641666823277,2.559813882703888,0.14189392140903706,0.07290582487767261,0.4375,,13.535000000000716,115.79480182200523,0.9295290183035438,0.0
hmmwv,93,0,pid,12.0,1.0,0,1,reached,12.625000000000574,,,7.9792220259841535,124.5736276564436,2.8335867299039927,2.6843516091450716,0.14189392140903706,0.07290582487767261,0.4375,,12.625000000000574,118.64797153314672,0.9524324992795505,0.0
hmmwv,93,1,pid,4.0,1.0,0,1,reached,31.48499999999802,,,7.981338840808091,131.7642033200794,2.3332111106043736,2.0674742505576,0.10087344155269945,0.0496165872248353,0.421875,,31.48499999999802,120.93286827859392,0.917797590175731,0.0
hmmwv,93,1,pid,6.0,1.0,0,1,reached,21.53,,,7.991521485568372,131.7642033200794,2.0765760324426528,2.1368765800151617,0.10087344155269945,0.0496165872248353,0.421875,,21.53,121.86035789753853,0.9248366007383462,0.0
hmmwv,93,1,pid,8.0,1.0,0,1,reached,27.699999999998774,,,7.985782338550479,131.7642033200794,2.395774916244311,11.593381659418691,0.10087344155269945,0.0496165872248353,0.421875,,27.699999999998774,131.14873800006765,0.995329040023741,0.0
hmmwv,93,1,pid,10.0,1.0,0,0,stuck,,9.750000000000192,75.91015585027043,61.972262552217124,131.7642033200794,1.7697944755120936,1.8175313555341357,0.10087344155269945,0.0496165872248353,0.421875,,19.750000000000355,75.91015585027043,0.5761060586832583,7.9597987003998005
hmmwv,93,1,pid,12.0,1.0,0,1,reached,24.79999999999935,,,7.989419956515209,131.7642033200794,6.1615427373214,4.807180846356946,0.10087344155269945,0.0496165872248353,0.421875,,24.79999999999935,130.8207229749571,0.9928396307847709,0.0
hmmwv,93,2,pid,4.0,1.0,0,1,reached,31.53999999999801,,,7.9974966139293295,134.34076259713132,2.2685986012538644,1.7678052179115278,0.10255675593678548,0.04953682750075464,0.3125,,31.53999999999801,123.0520441235975,0.9159695221666482,0.0
hmmwv,93,2,pid,6.0,1.0,0,1,reached,21.365000000000034,,,7.992321744108259,134.34076259713132,2.231865408084044,1.6626637506416881,0.10255675593678548,0.04953682750075464,0.3125,,21.365000000000034,122.4325246786579,0.9113579699247017,0.0
hmmwv,93,2,pid,8.0,1.0,0,1,reached,16.595000000000983,,,7.978884788269798,134.34076259713132,2.3949740291476003,1.7369646490378725,0.10255675593678548,0.04953682750075464,0.3125,,16.595000000000983,122.31130779399359,0.910455660883716,0.0
hmmwv,93,2,pid,10.0,1.0,0,1,reached,15.150000000000968,,,7.965122269497003,134.34076259713132,3.1212089508098346,2.2115282591441514,0.10255675593678548,0.04953682750075464,0.3125,,15.150000000000968,129.30206460832613,0.9624931562736806,0.0
hmmwv,93,2,pid,12.0,1.0,0,0,rollover,,11.06500000000033,44.321993525121925,82.5368389930161,134.34076259713132,2.205492191577746,7.63769464160423,0.10255675593678548,0.04953682750075464,0.3125,,11.06500000000033,44.321993525121925,0.32992215220660337,20.60534851484296
gator,1,0,pid,4.0,1.0,0,0,stuck,,0.0,1.5479536090030204,119.90612106030201,127.9537015086913,0.4212844289454083,3.316721404832509,0.480462588847454,0.24495812777954415,0.0,,40.00000000000292,1.5479536090030204,0.012097763415604472,
gator,1,0,pid,6.0,1.0,0,0,stuck,,0.0,1.5479536090030204,119.90612106030201,127.9537015086913,0.4212844289454083,3.316721404832509,0.480462588847454,0.24495812777954415,0.0,,40.00000000000292,1.5479536090030204,0.012097763415604472,
gator,1,0,pid,8.0,1.0,0,0,stuck,,0.0,1.5582109511923152,119.90896281066163,127.9537015086913,0.3109975367082283,3.554405988645096,0.480462588847454,0.24495812777954415,0.0,,40.00000000000292,1.5582109511923152,0.012177927897509657,
gator,1,0,pid,10.0,1.0,0,0,stuck,,0.0,1.5582109511923152,119.90896281066163,127.9537015086913,0.3109975367082283,3.554405988645096,0.480462588847454,0.24495812777954415,0.0,,40.00000000000292,1.5582109511923152,0.012177927897509657,
gator,1,0,pid,12.0,1.0,0,0,stuck,,0.0,1.6704586271883928,119.90750743834468,127.9537015086913,0.3975612713677482,3.317771656297288,0.480462588847454,0.24495812777954415,0.0,,40.00000000000292,1.6704586271883928,0.01305518017448621,
gator,1,1,pid,4.0,1.0,0,0,stuck,,0.0,0.9772481258967781,120.10763247952897,132.10237857210421,2.92595573716679,3.349195948133113,0.41386234672040245,0.21531960490168298,0.0,,40.00000000000292,0.9772481258967781,0.007397657305340462,
gator,1,1,pid,6.0,1.0,0,0,stuck,,0.0,0.9772481258967781,120.10763247952897,132.10237857210421,2.92595573716679,3.349195948133113,0.41386234672040245,0.21531960490168298,0.0,,40.00000000000292,0.9772481258967781,0.007397657305340462,
gator,1,1,pid,8.0,1.0,0,0,stuck,,0.0,0.9772481258967781,120.10763247952897,132.10237857210421,2.92595573716679,3.349195948133113,0.41386234672040245,0.21531960490168298,0.0,,40.00000000000292,0.9772481258967781,0.007397657305340462,
gator,1,1,pid,10.0,1.0,0,0,stuck,,0.0,1.6156812224226047,120.08208309180674,132.10237857210421,3.137481482388837,3.2888486022913765,0.41386234672040245,0.21531960490168298,0.0,,40.00000000000292,1.6156812224226047,0.012230523325064373,
gator,1,1,pid,12.0,1.0,0,0,stuck,,0.0,1.6156812224226047,120.08208309180674,132.10237857210421,3.137481482388837,3.2888486022913765,0.41386234672040245,0.21531960490168298,0.0,,40.00000000000292,1.6156812224226047,0.012230523325064373,
gator,1,2,pid,4.0,1.0,0,0,rollover,,1.302000000000001,1.7328612892919897,119.4579348530826,124.01957461608315,34.10171317973256,18.177037387277707,0.38903611984763703,0.1903366418369536,0.0,,1.302000000000001,1.7328612892919897,0.013972482123537844,89.7557306749357
gator,1,2,pid,6.0,1.0,0,0,rollover,,1.298000000000001,1.750154436149317,119.43872383436191,124.01957461608315,34.16629615979944,18.3947545858066,0.38903611984763703,0.1903366418369536,0.0,,1.298000000000001,1.750154436149317,0.014111920973500525,88.58159047843886
gator,1,2,pid,8.0,1.0,0,0,rollover,,1.298000000000001,1.750154436149317,119.43872383436191,124.01957461608315,34.16629615979944,18.3947545858066,0.38903611984763703,0.1903366418369536,0.0,,1.298000000000001,1.750154436149317,0.014111920973500525,88.58159047843886
gator,1,2,pid,10.0,1.0,0,0,rollover,,1.298000000000001,1.750154436149317,119.43872383436191,124.01957461608315,34.16629615979944,18.3947545858066,0.38903611984763703,0.1903366418369536,0.0,,1.298000000000001,1.750154436149317,0.014111920973500525,88.58159047843886
gator,1,2,pid,12.0,1.0,0,0,rollover,,1.298000000000001,1.750154436149317,119.43872383436191,124.01957461608315,34.16629615979944,18.3947545858066,0.38903611984763703,0.1903366418369536,0.0,,1.298000000000001,1.750154436149317,0.014111920973500525,88.58159047843886
gator,3,0,pid,4.0,1.0,0,0,rollover,,25.343999999996832,91.7582196760173,31.621101591033664,120.34703394551364,10.385039476729126,5.522275886035447,0.2811167187970613,0.15389516390187435,0.0,,25.343999999996832,91.7582196760173,0.762446872746031,8.733879117889195
gator,3,0,pid,6.0,1.0,0,0,timeout,,40.00000000000292,94.50115315870484,30.236304747761142,120.34703394551364,14.414099485296003,12.309144688072521,0.2811167187970613,0.15389516390187435,0.0,,40.00000000000292,94.50115315870484,0.7852387388416207,12.798279698020034
gator,3,0,pid,8.0,1.0,0,0,timeout,,40.00000000000292,69.14992634274297,55.60357699098082,120.34703394551364,10.567399379667414,10.0939537742273,0.2811167187970613,0.15389516390187435,0.0,,40.00000000000292,69.14992634274297,0.5745877075296277,32.16407011940094
gator,3,0,pid,10.0,1.0,0,0,timeout,,40.00000000000292,95.0282967448504,30.623430102077524,120.34703394551364,22.901316424615516,3.122426807814343,0.2811167187970613,0.15389516390187435,0.0,,40.00000000000292,95.0282967448504,0.7896189347539205,12.890236340572631
gator,3,0,pid,12.0,1.0,0,0,timeout,,40.00000000000292,69.14992634274297,55.60357699098082,120.34703394551364,10.567399379667414,10.0939537742273,0.2811167187970613,0.15389516390187435,0.0,,40.00000000000292,69.14992634274297,0.5745877075296277,32.16407011940094
gator,3,1,pid,4.0,1.0,0,1,reached,34.119999999995734,,,7.996889944575841,128.85266691516125,7.364253954051461,5.076905673174575,0.23757563337427,0.11642745766080564,0.0,,34.119999999995734,120.45313227337004,0.9348128770410192,0.0
gator,3,1,pid,6.0,1.0,0,1,reached,27.237999999995782,,,7.992158546423321,128.85266691516125,8.296813314129146,5.544753046274586,0.23757563337427,0.11642745766080564,0.0,,27.237999999995782,120.30872995415316,0.9336921992725726,0.0
gator,3,1,pid,8.0,1.0,0,1,reached,24.129999999997505,,,7.9972322901913095,128.85266691516125,7.335047938071276,5.377966400172931,0.23757563337427,0.11642745766080564,0.0,,24.129999999997505,119.87231450381327,0.9303052654916271,0.0
gator,3,1,pid,10.0,1.0,0,0,timeout,,40.00000000000292,115.09283009241736,14.693853382117563,128.85266691516125,9.10753224224627,8.79154846514302,0.23757563337427,0.11642745766080564,0.0,,40.00000000000292,115.09283009241736,0.8932126346146673,5.106783235869602
gator,3,1,pid,12.0,1.0,0,0,timeout,,40.00000000000292,115.09283009241736,14.693853382117563,128.85266691516125,9.10753224224627,8.79154846514302,0.23757563337427,0.11642745766080564,0.0,,40.00000000000292,115.09283009241736,0.8932126346146673,5.106783235869602
gator,3,2,pid,4.0,1.0,0,0,rollover,,26.795999999996027,97.71380972681594,32.01489469809666,129.09646951514273,6.451998941740024,6.8133140490446,0.24877126196033172,0.12672218480593944,0.0,,26.795999999996027,97.71380972681594,0.7569053599514147,8.779425556412855
gator,3,2,pid,6.0,1.0,0,0,rollover,,20.38799999999958,98.66081753606021,31.949194387943813,129.09646951514273,5.772970540516585,6.284901128930747,0.24877126196033172,0.12672218480593944,0.0,,20.38799999999958,98.66081753606021,0.7642410199644345,6.602217490680205
gator,3,2,pid,8.0,1.0,0,0,rollover,,18.920000000000393,99.37021786775259,31.625008012217457,129.09646951514273,6.779315806683817,6.405501690301761,0.24877126196033172,0.12672218480593944,0.0,,18.920000000000393,99.37021786775259,0.7697361379514464,6.021373047480662
gator,3,2,pid,10.0,1.0,0,0,timeout,,40.00000000000292,104.0930503285962,30.87410282983497,129.09646951514273,4.5795213741178395,5.763138129111261,0.24877126196033172,0.12672218480593944,0.0,,40.00000000000292,104.0930503285962,0.8063198840335933,11.864040003583433
gator,3,2,pid,12.0,1.0,0,0,timeout,,40.00000000000292,104.0930503285962,30.87410282983497,129.09646951514273,4.5795213741178395,5.763138129111261,0.24877126196033172,0.12672218480593944,0.0,,40.00000000000292,104.0930503285962,0.8063198840335933,11.864040003583433
gator,5,0,pid,4.0,1.0,0,1,reached,33.0299999999944,,,7.995030024527094,122.07337566314929,4.527785571429587,4.096149871413314,0.15818550730483816,0.08253495886647522,0.0,,33.0299999999944,116.81569623092513,0.9569301708610708,0.0
gator,5,0,pid,6.0,1.0,0,1,reached,24.997999999997024,,,7.992286398695617,122.07337566314929,4.8104304255550385,4.2804850125921625,0.15818550730483816,0.08253495886647522,0.0,,24.997999999997024,117.14950905292889,0.9596646968802814,0.0
gator,5,0,pid,8.0,1.0,0,1,reached,22.825999999998228,,,7.9917999971320866,122.07337566314929,5.129087560418965,4.329778481344859,0.15818550730483816,0.08253495886647522,0.0,,22.825999999998228,117.93003605517978,0.9660586136374021,0.0
gator,5,0,pid,10.0,1.0,0,1,reached,21.10799999999918,,,7.9968333921477015,122.07337566314929,5.170991355309417,4.447477164414166,0.15818550730483816,0.08253495886647522,0.0,,21.10799999999918,117.91455902168107,0.9659318289604434,0.0
gator,5,0,pid,12.0,1.0,0,1,reached,23.663999999997763,,,7.994482823594885,122.07337566314929,4.450822280710227,4.267876353928157,0.15818550730483816,0.08253495886647522,0.0,,23.663999999997763,118.21397599242285,0.9683845912365353,0.0
gator,5,1,pid,4.0,1.0,0,1,reached,31.829999999993237,,,7.993434193653149,128.48463800781593,3.464766189098048,2.5490627802839367,0.10916751639603745,0.0546445053839681,0.0,,31.829999999993237,120.39814893256383,0.937062599851352,0.0
gator,5,1,pid,6.0,1.0,0,1,reached,22.417999999998454,,,7.9896800837068795,128.48463800781593,3.5829469378163217,2.675446120196042,0.10916751639603745,0.0546445053839681,0.0,,22.417999999998454,120.10022163300398,0.93474382225911,0.0
gator,5,1,pid,8.0,1.0,0,1,reached,18.83600000000044,,,7.988683200646614,128.48463800781593,3.53382620040875,2.869350080512574,0.10916751639603745,0.0546445053839681,0.0,,18.83600000000044,120.52402070932578,0.9380422638696628,0.0
gator,5,1,pid,10.0,1.0,0,1,reached,18.520000000000614,,,7.995093332227075,128.48463800781593,3.354189078375974,2.871822579462105,0.10916751639603745,0.0546445053839681,0.0,,18.520000000000614,120.65052491225622,0.9390268500808389,0.0
gator,5,1,pid,12.0,1.0,0,1,reached,18.520000000000614,,,7.995093332227075,128.48463800781593,3.354189078375974,2.871822579462105,0.10916751639603745,0.0546445053839681,0.0,,18.520000000000614,120.65052491225622,0.9390268500808389,0.0
gator,5,2,pid,4.0,1.0,0,1,reached,32.24399999999344,,,7.994875408827577,128.72806570335806,3.43133993281908,2.4800944221400556,0.11448444098784662,0.058756256759140174,0.0,,32.24399999999344,122.31708760367893,0.950197510817473,0.0
gator,5,2,pid,6.0,1.0,0,1,reached,22.83799999999822,,,7.999567164301705,128.72806570335806,3.4650597336834514,2.586451610222994,0.11448444098784662,0.058756256759140174,0.0,,22.83799999999822,122.70676438924492,0.9532246423403218,0.0
gator,5,2,pid,8.0,1.0,0,1,reached,18.94200000000038,,,7.998995246087051,128.72806570335806,3.1167323334707953,2.6224753822090165,0.11448444098784662,0.058756256759140174,0.0,,18.94200000000038,122.68740071004385,0.9530742192053567,0.0
gator,5,2,pid,10.0,1.0,0,1,reached,18.702000000000513,,,7.999409865196826,128.72806570335806,3.7835393076171266,2.788438053868664,0.11448444098784662,0.058756256759140174,0.0,,18.702000000000513,123.51059947255864,0.9594690854531863,0.0
gator,5,2,pid,12.0,1.0,0,1,reached,18.52800000000061,,,7.993009275805766,128.72806570335806,3.6251996029793463,2.825040423113848,0.11448444098784662,0.058756256759140174,0.0,,18.52800000000061,123.37679062744833,0.9584296163647698,0.0
gator,61,0,pid,4.0,1.0,0,0,rollover,,1.2260000000000009,2.591461481860664,121.09345308189125,123.31742441105,13.47150611757538,32.38752144726742,0.7091932395943854,0.36251401274493855,1.0,,1.2260000000000009,2.591461481860664,0.021014560547604602,57.28835813982633
gator,61,0,pid,6.0,1.0,0,0,rollover,,1.2260000000000009,2.591461481860664,121.09345308189125,123.31742441105,13.47150611757538,32.38752144726742,0.7091932395943854,0.36251401274493855,1.0,,1.2260000000000009,2.591461481860664,0.021014560547604602,57.28835813982633
gator,61,0,pid,8.0,1.0,0,0,rollover,,1.2260000000000009,2.591461481860664,121.09345308189125,123.31742441105,13.47150611757538,32.38752144726742,0.7091932395943854,0.36251401274493855,1.0,,1.2260000000000009,2.591461481860664,0.021014560547604602,57.28835813982633
gator,61,0,pid,10.0,1.0,0,0,rollover,,1.2260000000000009,2.591461481860664,121.09345308189125,123.31742441105,13.47150611757538,32.38752144726742,0.7091932395943854,0.36251401274493855,1.0,,1.2260000000000009,2.591461481860664,0.021014560547604602,57.28835813982633
gator,61,0,pid,12.0,1.0,0,0,rollover,,1.2260000000000009,2.591461481860664,121.09345308189125,123.31742441105,13.47150611757538,32.38752144726742,0.7091932395943854,0.36251401274493855,1.0,,1.2260000000000009,2.591461481860664,0.021014560547604602,57.28835813982633
gator,61,1,pid,4.0,1.0,0,0,stuck,,0.0,5.078919962061978,117.8822705333161,126.76258940661117,11.400008479241702,6.948917133021779,0.4803646672299955,0.24603284239694276,1.0,,40.00000000000292,5.078919962061978,0.040066394871207105,
gator,61,1,pid,6.0,1.0,0,0,stuck,,0.0,5.078919962061978,117.8822705333161,126.76258940661117,11.400008479241702,6.948917133021779,0.4803646672299955,0.24603284239694276,1.0,,40.00000000000292,5.078919962061978,0.040066394871207105,
gator,61,1,pid,8.0,1.0,0,0,stuck,,0.0,5.078919962061978,117.8822705333161,126.76258940661117,11.400008479241702,6.948917133021779,0.4803646672299955,0.24603284239694276,1.0,,40.00000000000292,5.078919962061978,0.040066394871207105,
gator,61,1,pid,10.0,1.0,0,0,stuck,,0.0,5.078919962061978,117.8822705333161,126.76258940661117,11.400008479241702,6.948917133021779,0.4803646672299955,0.24603284239694276,1.0,,40.00000000000292,5.078919962061978,0.040066394871207105,
gator,61,1,pid,12.0,1.0,0,0,stuck,,0.0,5.078919962061978,117.8822705333161,126.76258940661117,11.400008479241702,6.948917133021779,0.4803646672299955,0.24603284239694276,1.0,,40.00000000000292,5.078919962061978,0.040066394871207105,
gator,61,2,pid,4.0,1.0,0,0,stuck,,0.0,23.894516419915092,99.22766791316212,128.72806570335806,8.210383213906757,18.005113350324475,0.3785578137392549,0.18439348564986457,1.0,,40.00000000000292,23.894516419915092,0.18562009993203657,
gator,61,2,pid,6.0,1.0,0,0,stuck,,0.0,23.812079527622018,99.21627937279958,128.72806570335806,8.172622999885823,18.250785773128992,0.3785578137392549,0.18439348564986457,1.0,,40.00000000000292,23.812079527622018,0.18497970428993127,
gator,61,2,pid,8.0,1.0,0,0,stuck,,0.0,23.812079527622018,99.21627937279958,128.72806570335806,8.172622999885823,18.250785773128992,0.3785578137392549,0.18439348564986457,1.0,,40.00000000000292,23.812079527622018,0.18497970428993127,
gator,61,2,pid,10.0,1.0,0,0,stuck,,0.0,23.812079527622018,99.21627937279958,128.72806570335806,8.172622999885823,18.250785773128992,0.3785578137392549,0.18439348564986457,1.0,,40.00000000000292,23.812079527622018,0.18497970428993127,
gator,61,2,pid,12.0,1.0,0,0,stuck,,0.0,23.812079527622018,99.21627937279958,128.72806570335806,8.172622999885823,18.250785773128992,0.3785578137392549,0.18439348564986457,1.0,,40.00000000000292,23.812079527622018,0.18497970428993127,
gator,62,0,pid,4.0,1.0,0,0,rollover,,39.83000000000271,103.89419080768828,24.926626066393055,125.07899204676276,8.175882786376444,5.857520664858135,0.3235439842465896,0.1731073931990138,1.0,,39.83000000000271,103.89419080768828,0.8306286220218803,9.556140805430218
gator,62,0,pid,6.0,1.0,0,0,rollover,,36.83199999999905,103.79026180901533,24.895561972586744,125.07899204676276,8.254119688704444,6.0014804384034965,0.3235439842465896,0.1731073931990138,1.0,,36.83199999999905,103.79026180901533,0.8297977151127961,8.834676034073206
gator,62,0,pid,8.0,1.0,0,0,rollover,,36.713999999998904,103.95877638415027,24.914173903988566,125.07899204676276,8.233697351630262,5.788436190434101,0.3235439842465896,0.1731073931990138,1.0,,36.713999999998904,103.95877638415027,0.8311449803279806,8.798670131812608
gator,62,0,pid,10.0,1.0,0,0,rollover,,36.713999999998904,103.95877638415027,24.914173903988566,125.07899204676276,8.233697351630262,5.788436190434101,0.3235439842465896,0.1731073931990138,1.0,,36.713999999998904,103.95877638415027,0.8311449803279806,8.798670131812608
gator,62,0,pid,12.0,1.0,0,0,rollover,,36.713999999998904,103.95877638415027,24.914173903988566,125.07899204676276,8.233697351630262,5.788436190434101,0.3235439842465896,0.1731073931990138,1.0,,36.713999999998904,103.95877638415027,0.8311449803279806,8.798670131812608
gator,62,1,pid,4.0,1.0,0,0,stuck,,0.0,2.025929768598211,119.56755201879662,123.15498472240444,1.0149366584979216,20.56009024615626,0.22852323019692367,0.1131911140559893,1.0,,40.00000000000292,2.025929768598211,0.016450245787165873,
gator,62,1,pid,6.0,1.0,0,0,stuck,,0.0,2.025929768598211,119.56755201879662,123.15498472240444,1.0149366584979216,20.56009024615626,0.22852323019692367,0.1131911140559893,1.0,,40.00000000000292,2.025929768598211,0.016450245787165873,
gator,62,1,pid,8.0,1.0,0,0,stuck,,0.0,2.025929768598211,119.56755201879662,123.15498472240444,1.0149366584979216,20.56009024615626,0.22852323019692367,0.1131911140559893,1.0,,40.00000000000292,2.025929768598211,0.016450245787165873,
gator,62,1,pid,10.0,1.0,0,0,stuck,,0.0,2.025929768598211,119.56755201879662,123.15498472240444,1.0149366584979216,20.56009024615626,0.22852323019692367,0.1131911140559893,1.0,,40.00000000000292,2.025929768598211,0.016450245787165873,
gator,62,1,pid,12.0,1.0,0,0,stuck,,0.0,2.025929768598211,119.56755201879662,123.15498472240444,1.0149366584979216,20.56009024615626,0.22852323019692367,0.1131911140559893,1.0,,40.00000000000292,2.025929768598211,0.016450245787165873,
gator,62,2,pid,4.0,1.0,0,1,reached,38.20800000000073,,,7.995895127879573,129.13439452452468,5.776349660017831,5.5476268708712615,0.19869657034450758,0.0996360812801705,1.0,,38.20800000000073,123.31289640582023,0.954919073728271,0.0
gator,62,2,pid,6.0,1.0,0,1,reached,31.42799999999346,,,7.996072700222119,129.13439452452468,6.125093936424539,5.714852342877098,0.19869657034450758,0.0996360812801705,1.0,,31.42799999999346,123.38115152385268,0.9554476325083217,0.0
gator,62,2,pid,8.0,1.0,0,1,reached,31.053999999993668,,,7.99393448645289,129.13439452452468,6.038181007381082,5.745099207677533,0.19869657034450758,0.0996360812801705,1.0,,31.053999999993668,123.39702224203789,0.9555705332912126,0.0
gator,62,2,pid,10.0,1.0,0,1,reached,31.053999999993668,,,7.99393448645289,129.13439452452468,6.038181007381082,5.745099207677533,0.19869657034450758,0.0996360812801705,1.0,,31.053999999993668,123.39702224203789,0.9555705332912126,0.0
gator,62,2,pid,12.0,1.0,0,1,reached,31.053999999993668,,,7.99393448645289,129.13439452452468,6.038181007381082,5.745099207677533,0.19869657034450758,0.0996360812801705,1.0,,31.053999999993668,123.39702224203789,0.9555705332912126,0.0
gator,74,0,pid,4.0,1.0,0,1,reached,35.51799999999744,,,7.993394097544332,132.9422083456846,2.551647829404416,2.11769220769631,0.11853652700731834,0.06202966172614443,1.0,,35.51799999999744,124.42077436285165,0.9359012153561117,0.0
gator,74,0,pid,6.0,1.0,0,1,reached,26.271999999996318,,,7.996683696254164,132.9422083456846,2.503376394289239,2.201660469927408,0.11853652700731834,0.06202966172614443,1.0,,26.271999999996318,125.19954176836185,0.9417591547961217,0.0
gator,74,0,pid,8.0,1.0,0,1,reached,24.885999999997086,,,7.998249932133649,132.9422083456846,2.506372444878534,2.289467465084502,0.11853652700731834,0.06202966172614443,1.0,,24.885999999997086,125.85972360478387,0.9467250858171061,0.0
gator,74,0,pid,10.0,1.0,0,1,reached,24.885999999997086,,,7.998249932133649,132.9422083456846,2.506372444878534,2.289467465084502,0.11853652700731834,0.06202966172614443,1.0,,24.885999999997086,125.85972360478387,0.9467250858171061,0.0
gator,74,0,pid,12.0,1.0,0,1,reached,24.885999999997086,,,7.998249932133649,132.9422083456846,2.506372444878534,2.289467465084502,0.11853652700731834,0.06202966172614443,1.0,,24.885999999997086,125.85972360478387,0.9467250858171061,0.0
gator,74,1,pid,4.0,1.0,0,0,stuck,,0.0,3.085641057515319,119.75228313165724,124.98368155164083,2.4528964018373096,4.480357498041026,0.09340080786104578,0.04325593475267091,1.0,,40.00000000000292,3.085641057515319,0.024688351464830168,
gator,74,1,pid,6.0,1.0,0,0,stuck,,0.0,3.085641057515319,119.75228313165724,124.98368155164083,2.4528964018373096,4.480357498041026,0.09340080786104578,0.04325593475267091,1.0,,40.00000000000292,3.085641057515319,0.024688351464830168,
gator,74,1,pid,8.0,1.0,0,0,stuck,,0.0,3.085641057515319,119.75228313165724,124.98368155164083,2.4528964018373096,4.480357498041026,0.09340080786104578,0.04325593475267091,1.0,,40.00000000000292,3.085641057515319,0.024688351464830168,
gator,74,1,pid,10.0,1.0,0,0,stuck,,0.0,3.085641057515319,119.75228313165724,124.98368155164083,2.4528964018373096,4.480357498041026,0.09340080786104578,0.04325593475267091,1.0,,40.00000000000292,3.085641057515319,0.024688351464830168,
gator,74,1,pid,12.0,1.0,0,0,stuck,,0.0,3.085641057515319,119.75228313165724,124.98368155164083,2.4528964018373096,4.480357498041026,0.09340080786104578,0.04325593475267091,1.0,,40.00000000000292,3.085641057515319,0.024688351464830168,
gator,74,2,pid,4.0,1.0,0,1,reached,38.58200000000119,,,7.9962757997349865,129.0333937681478,1.9416515784106545,2.3954997179127835,0.1010727018073698,0.050717989492098305,1.0,,38.58200000000119,122.96267915588406,0.9529523758541776,0.0
gator,74,2,pid,6.0,1.0,0,1,reached,30.645999999993894,,,7.996580794033408,129.0333937681478,2.1858206043975215,2.444737907506369,0.1010727018073698,0.050717989492098305,1.0,,30.645999999993894,123.39135520015846,0.956274585956197,0.0
gator,74,2,pid,8.0,1.0,0,1,reached,29.493999999994532,,,7.995660505071208,129.0333937681478,2.2028754758548845,2.465600626917296,0.1010727018073698,0.050717989492098305,1.0,,29.493999999994532,123.46551048684033,0.9568492843696567,0.0
gator,74,2,pid,10.0,1.0,0,1,reached,29.493999999994532,,,7.995660505071208,129.0333937681478,2.2028754758548845,2.465600626917296,0.1010727018073698,0.050717989492098305,1.0,,29.493999999994532,123.46551048684033,0.9568492843696567,0.0
gator,74,2,pid,12.0,1.0,0,1,reached,29.493999999994532,,,7.995660505071208,129.0333937681478,2.2028754758548845,2.465600626917296,0.1010727018073698,0.050717989492098305,1.0,,29.493999999994532,123.46551048684033,0.9568492843696567,0.0
gator,91,0,pid,4.0,1.0,0,0,rollover,,32.30799999999352,98.05730987406115,28.622005098908474,121.84059242913007,9.043771003896843,7.065395465390336,0.35836094060401075,0.18253014026459458,0.234375,,32.30799999999352,98.05730987406115,0.8048000089222914,9.430400873968534
gator,91,0,pid,6.0,1.0,0,0,rollover,,17.828000000000998,39.61734136393032,85.28202943566592,121.84059242913007,9.688046952346328,9.344477509311837,0.35836094060401075,0.18253014026459458,0.234375,,17.828000000000998,39.61734136393032,0.32515716292970415,38.3773359956808
gator,91,0,pid,8.0,1.0,0,0,rollover,,17.828000000000998,39.61734136393032,85.28202943566592,121.84059242913007,9.688046952346328,9.344477509311837,0.35836094060401075,0.18253014026459458,0.234375,,17.828000000000998,39.61734136393032,0.32515716292970415,38.3773359956808
gator,91,0,pid,10.0,1.0,0,0,rollover,,12.080000000000704,30.017276929472967,93.18194206807716,121.84059242913007,7.539369507713227,7.899447920331725,0.35836094060401075,0.18253014026459458,0.234375,,12.080000000000704,30.017276929472967,0.2463651590247548,37.4996660365688
gator,91,0,pid,12.0,1.0,0,0,rollover,,12.080000000000704,30.017276929472967,93.18194206807716,121.84059242913007,7.539369507713227,7.899447920331725,0.35836094060401075,0.18253014026459458,0.234375,,12.080000000000704,30.017276929472967,0.2463651590247548,37.4996660365688
gator,91,1,pid,4.0,1.0,0,0,stuck,,0.0,43.709218584897044,80.51088952498687,122.28251242004478,10.727966022717489,11.605583021914594,0.2428675384825032,0.12101897970177874,0.0,,40.00000000000292,43.709218584897044,0.3574445578510386,
gator,91,1,pid,6.0,1.0,0,1,reached,26.4819999999962,,,7.989882795819633,122.28251242004478,5.90858502815878,6.177089688120174,0.2428675384825032,0.12101897970177874,0.0,,26.4819999999962,116.51443787999038,0.952829931067814,0.0
gator,91,1,pid,8.0,1.0,0,0,timeout,,40.00000000000292,65.69829621374785,58.70952588433744,122.28251242004478,15.73849897712404,7.38989619642543,0.2428675384825032,0.12101897970177874,0.0,,40.00000000000292,65.69829621374785,0.5372664898155827,35.74493054939
gator,91,1,pid,10.0,1.0,0,0,timeout,,40.00000000000292,65.69829621374785,58.70952588433744,122.28251242004478,15.73849897712404,7.38989619642543,0.2428675384825032,0.12101897970177874,0.0,,40.00000000000292,65.69829621374785,0.5372664898155827,35.74493054939
gator,91,1,pid,12.0,1.0,0,0,rollover,,15.954000000001997,65.02024026137484,58.33875439809075,122.28251242004478,9.443321579476857,6.122209809572041,0.2428675384825032,0.12101897970177874,0.0,,15.954000000001997,65.02024026137484,0.5317214945504881,14.314565494156728
gator,91,2,pid,4.0,1.0,0,0,stuck,,0.0,13.079857923725433,109.94452995886071,130.89589722479073,4.953510576642044,7.294524859544171,0.2616656268615247,0.13456823747045127,0.140625,,40.00000000000292,13.079857923725433,0.0999256523775002,
gator,91,2,pid,6.0,1.0,0,0,stuck,,0.0,13.047647161024267,110.07622463554243,130.89589722479073,5.061383176119895,7.20139123754017,0.2616656268615247,0.13456823747045127,0.140625,,40.00000000000292,13.047647161024267,0.09967957313908184,
gator,91,2,pid,8.0,1.0,0,0,stuck,,0.0,13.047647161024267,110.07622463554243,130.89589722479073,5.061383176119895,7.20139123754017,0.2616656268615247,0.13456823747045127,0.140625,,40.00000000000292,13.047647161024267,0.09967957313908184,
gator,91,2,pid,10.0,1.0,0,0,stuck,,0.0,13.047647161024267,110.07622463554243,130.89589722479073,5.061383176119895,7.20139123754017,0.2616656268615247,0.13456823747045127,0.140625,,40.00000000000292,13.047647161024267,0.09967957313908184,
gator,91,2,pid,12.0,1.0,0,0,stuck,,0.0,13.047647161024267,110.07622463554243,130.89589722479073,5.061383176119895,7.20139123754017,0.2616656268615247,0.13456823747045127,0.140625,,40.00000000000292,13.047647161024267,0.09967957313908184,
gator,92,0,pid,4.0,1.0,0,0,rollover,,0.9460000000000007,1.9816752680188043,119.5415378670748,120.00000000000001,26.9726398317009,1.8288008831617468,0.6145544353562264,0.33278732875330763,0.15625,,0.9460000000000007,1.9816752680188043,0.016513960566823367,57.06600705337145
gator,92,0,pid,6.0,1.0,0,0,rollover,,0.9460000000000007,1.9832876665239938,119.5395388124427,120.00000000000001,26.948788299805795,1.8304681873578452,0.6145544353562264,0.33278732875330763,0.15625,,0.9460000000000007,1.9832876665239938,0.01652739722103328,57.01865928242678
gator,92,0,pid,8.0,1.0,0,0,rollover,,0.9460000000000007,1.9832876665239938,119.5395388124427,120.00000000000001,26.948788299805795,1.8304681873578452,0.6145544353562264,0.33278732875330763,0.15625,,0.9460000000000007,1.9832876665239938,0.01652739722103328,57.01865928242678
gator,92,0,pid,10.0,1.0,0,0,rollover,,0.9460000000000007,1.9832876665239938,119.5395388124427,120.00000000000001,26.948788299805795,1.8304681873578452,0.6145544353562264,0.33278732875330763,0.15625,,0.9460000000000007,1.9832876665239938,0.01652739722103328,57.01865928242678
gator,92,0,pid,12.0,1.0,0,0,rollover,,0.9460000000000007,1.9832876665239938,119.5395388124427,120.00000000000001,26.948788299805795,1.8304681873578452,0.6145544353562264,0.33278732875330763,0.15625,,0.9460000000000007,1.9832876665239938,0.01652739722103328,57.01865928242678
gator,92,1,pid,4.0,1.0,0,0,stuck,,0.0,9.867717813880523,112.87825917368772,126.47616995681503,16.093530413971354,7.751798275152448,0.5398867505927054,0.2687935807610832,0.078125,,40.00000000000292,9.867717813880523,0.07802037187914396,
gator,92,1,pid,6.0,1.0,0,0,stuck,,0.0,9.586588662309207,112.65054817606507,126.47616995681503,14.188733345218473,12.87749671292134,0.5398867505927054,0.2687935807610832,0.078125,,40.00000000000292,9.586588662309207,0.07579758831709187,
gator,92,1,pid,8.0,1.0,0,0,stuck,,0.0,9.586588662309207,112.65054817606507,126.47616995681503,14.188733345218473,12.87749671292134,0.5398867505927054,0.2687935807610832,0.078125,,40.00000000000292,9.586588662309207,0.07579758831709187,
gator,92,1,pid,10.0,1.0,0,0,stuck,,0.0,9.586588662309207,112.65054817606507,126.47616995681503,14.188733345218473,12.87749671292134,0.5398867505927054,0.2687935807610832,0.078125,,40.00000000000292,9.586588662309207,0.07579758831709187,
gator,92,1,pid,12.0,1.0,0,0,rollover,,3.227999999999866,7.52535509544857,114.04014155909975,126.47616995681503,16.275354976258875,9.585425574284503,0.5398867505927054,0.2687935807610832,0.078125,,3.227999999999866,7.52535509544857,0.05950018171816939,48.91750253425295
gator,92,2,pid,4.0,1.0,0,0,stuck,,0.0,27.835644103282636,99.12787421042187,130.12097666245694,8.338580434802642,11.358259387901855,0.46822516358458804,0.23684465595444998,0.0,,40.00000000000292,27.835644103282636,0.21392126632656835,
gator,92,2,pid,6.0,1.0,0,0,stuck,,0.0,24.39543128957719,111.37882173936272,130.12097666245694,6.115049979998136,5.725026638820978,0.46822516358458804,0.23684465595444998,0.0,,40.00000000000292,24.39543128957719,0.18748269429963374,
gator,92,2,pid,8.0,1.0,0,0,stuck,,0.0,24.39543128957719,111.37882173936272,130.12097666245694,6.115049979998136,5.725026638820978,0.46822516358458804,0.23684465595444998,0.0,,40.00000000000292,24.39543128957719,0.18748269429963374,
gator,92,2,pid,10.0,1.0,0,0,stuck,,0.0,24.39543128957719,111.37882173936272,130.12097666245694,6.115049979998136,5.725026638820978,0.46822516358458804,0.23684465595444998,0.0,,40.00000000000292,24.39543128957719,0.18748269429963374,
gator,92,2,pid,12.0,1.0,0,0,stuck,,0.0,24.39543128957719,111.37882173936272,130.12097666245694,6.115049979998136,5.725026638820978,0.46822516358458804,0.23684465595444998,0.0,,40.00000000000292,24.39543128957719,0.18748269429963374,
gator,93,0,pid,4.0,1.0,0,0,stuck,,0.0,108.58950818890423,15.219088567436012,124.5736276564436,3.553416125332281,3.185524865785824,0.14189392140903706,0.07290582487767261,0.4375,,40.00000000000292,108.58950818890423,0.871689379459822,
gator,93,0,pid,6.0,1.0,0,0,rollover,,38.25000000000078,113.12297068656191,11.302846657515154,124.5736276564436,6.4113749194763585,3.4263338601231434,0.14189392140903706,0.07290582487767261,0.4375,,38.25000000000078,113.12297068656191,0.908081211205786,3.8218045550435784
gator,93,0,pid,8.0,1.0,0,1,reached,35.617999999997565,,,7.993104596178222,124.5736276564436,3.194616049898117,3.0400966561187346,0.14189392140903706,0.07290582487767261,0.4375,,35.617999999997565,115.65680984581121,0.928421304104399,0.0
gator,93,0,pid,10.0,1.0,0,1,reached,36.861999999999085,,,7.989284697378082,124.5736276564436,3.0075740815699734,2.9735245888681967,0.14189392140903706,0.07290582487767261,0.4375,,36.861999999999085,119.85280152031355,0.9621041288999833,0.0
gator,93,0,pid,12.0,1.0,0,1,reached,36.861999999999085,,,7.989284697378082,124.5736276564436,3.0075740815699734,2.9735245888681967,0.14189392140903706,0.07290582487767261,0.4375,,36.861999999999085,119.85280152031355,0.9621041288999833,0.0
gator,93,1,pid,4.0,1.0,0,0,stuck,,0.0,33.65019987430359,90.37298030570258,131.7642033200794,2.4242993365711283,2.888311381126927,0.10087344155269945,0.0496165872248353,0.421875,,40.00000000000292,33.65019987430359,0.2553819552383365,
gator,93,1,pid,6.0,1.0,0,0,stuck,,0.0,33.685642350048305,90.35111161360994,131.7642033200794,2.42796576588788,2.8732000880716617,0.10087344155269945,0.0496165872248353,0.421875,,40.00000000000292,33.685642350048305,0.25565093933911404,
gator,93,1,pid,8.0,1.0,0,0,stuck,,0.0,33.65019987430359,90.37298030570258,131.7642033200794,2.4242993365711283,2.888311381126927,0.10087344155269945,0.0496165872248353,0.421875,,40.00000000000292,33.65019987430359,0.2553819552383365,
gator,93,1,pid,10.0,1.0,0,0,stuck,,0.0,33.685642350048305,90.35111161360994,131.7642033200794,2.42796576588788,2.8732000880716617,0.10087344155269945,0.0496165872248353,0.421875,,40.00000000000292,33.685642350048305,0.25565093933911404,
gator,93,1,pid,12.0,1.0,0,0,stuck,,0.0,33.685642350048305,90.35111161360994,131.7642033200794,2.42796576588788,2.8732000880716617,0.10087344155269945,0.0496165872248353,0.421875,,40.00000000000292,33.685642350048305,0.25565093933911404,
gator,93,2,pid,4.0,1.0,0,1,reached,35.86799999999787,,,7.998692977608583,134.34076259713132,2.4228986507137193,2.1866939145594744,0.10255675593678548,0.04953682750075464,0.3125,,35.86799999999787,123.61426118776936,0.920154529407212,0.0
gator,93,2,pid,6.0,1.0,0,1,reached,27.755999999995495,,,7.993905892932965,134.34076259713132,2.4903694491085315,2.2562848664770487,0.10255675593678548,0.04953682750075464,0.3125,,27.755999999995495,124.06432533009568,0.9235046975440121,0.0
gator,93,2,pid,8.0,1.0,0,0,timeout,,40.00000000000292,114.81427249127199,22.78351019689403,134.34076259713132,3.666962281010447,6.330091603430378,0.10255675593678548,0.04953682750075464,0.3125,,40.00000000000292,114.81427249127199,0.8546495514215855,7.937518464397416
gator,93,2,pid,10.0,1.0,0,1,reached,25.515999999996737,,,7.992502465962225,134.34076259713132,2.515590400125553,2.3800039058151117,0.10255675593678548,0.04953682750075464,0.3125,,25.515999999996737,126.60460749429224,0.9424139408376093,0.0
gator,93,2,pid,12.0,1.0,0,0,timeout,,40.00000000000292,113.34267468243232,24.36494909958291,134.34076259713132,2.5708062886183103,4.605478788731995,0.10255675593678548,0.04953682750075464,0.3125,,40.00000000000292,113.34267468243232,0.8436953348428633,8.598685064685936
